Add,Province,Region,Riding #,Riding Name,Bloc,Con,Grn,Lib,NDP,Other,1st,2nd,3rd,Winner %,NDP /Green,NDP+Green /total,Winnability,NDP    /Total,Green /Total,# Incumbent + Winnable,# Could Greens run here?
43,AB,Calgary,48004,Calgary Centre,,36360,2723,17199,6290,1362,Con,Lib,NDP,56.87%,231.00%,14.10%,,9.84%,4.26%,,
43,AB,Calgary,48005,Calgary Confederation,,35648,5488,14462,7113,1634,Con,Lib,NDP,55.40%,129.61%,19.58%,Potential,11.05%,8.53%,,
43,AB,Calgary,48006,Calgary Forest Lawn,,23585,1282,8537,4133,1894,Con,Lib,NDP,59.81%,322.39%,13.73%,,10.48%,3.25%,,
43,AB,Calgary,48007,Calgary Heritage,,39098,1917,7671,5038,1478,Con,Lib,NDP,70.83%,262.81%,12.60%,,9.13%,3.47%,,
43,AB,Calgary,48008,Calgary Midnapore,,49700,1942,7320,6193,1562,Con,Lib,NDP,74.49%,318.90%,12.19%,,9.28%,2.91%,,
43,AB,Calgary,48009,Calgary Nose Hill,,37950,1478,8606,5107,1140,Con,Lib,NDP,69.91%,345.53%,12.13%,,9.41%,2.72%,,
43,AB,Calgary,48010,Calgary Rocky Ridge,,47477,1927,12694,5869,1291,Con,Lib,NDP,68.55%,304.57%,11.26%,,8.47%,2.78%,,
43,AB,Calgary,48011,Calgary Shepard,,57793,2273,8461,6639,1719,Con,Lib,NDP,75.17%,292.08%,11.59%,,8.63%,2.96%,,
43,AB,Calgary,48012,Calgary Signal Hill,,43535,2044,9370,5121,1800,Con,Lib,NDP,70.37%,250.54%,11.58%,,8.28%,3.30%,,
43,AB,Calgary,48013,Calgary Skyview,,26193,781,14134,7414,1352,Con,Lib,NDP,52.52%,949.30%,16.43%,,14.87%,1.57%,,
43,AB,Edmonton and around,48014,Edmonton Centre,,21586,1332,17000,10659,1168,Con,Lib,NDP,41.72%,800.23%,23.17%,Stretch,20.60%,2.57%,,
43,AB,Edmonton and around,48015,Edmonton Griesbach,,23551,1205,7805,11499,1917,Con,NDP,Lib,51.22%,954.27%,27.63%,Stretch,25.01%,2.62%,,
43,AB,Edmonton and around,48016,Edmonton Manning,,28837,1123,10903,8924,1338,Con,Lib,NDP,56.40%,794.66%,19.65%,,17.46%,2.20%,,
43,AB,Edmonton and around,48017,Edmonton Mill Woods,,26425,944,17611,6284,1153,Con,Lib,NDP,50.41%,665.68%,13.79%,,11.99%,1.80%,,
43,AB,Edmonton and around,48018,Edmonton Riverbend,,34491,1722,13591,9013,844,Con,Lib,NDP,57.81%,523.40%,17.99%,,15.11%,2.89%,,
43,AB,Edmonton and around,48019,Edmonton Strathcona,,20634,1076,6362,26189,1120,NDP,Con,Lib,47.29%,2433.92%,49.23%,Incumbent,47.29%,1.94%,,
43,AB,Edmonton and around,48020,Edmonton West,,35181,1383,11555,8365,1105,Con,Lib,NDP,61.09%,604.84%,16.93%,,14.53%,2.40%,,
43,AB,Edmonton and around,48021,Edmonton--Wetaskiwin,,61709,1609,10300,9623,1852,Con,Lib,NDP,72.52%,598.07%,13.20%,,11.31%,1.89%,,
43,AB,Edmonton and around,48032,Sherwood Park--Fort Saskatchewan,,52950,1547,7167,8667,1607,Con,NDP,Lib,73.61%,560.25%,14.20%,,12.05%,2.15%,,
43,AB,Edmonton and around,48031,St. Albert--Edmonton,,38807,1548,12224,9655,1616,Con,Lib,NDP,60.78%,623.71%,17.55%,,15.12%,2.42%,,
43,AB,Edmonton and around,48033,Sturgeon River--Parkland,,52163,1686,4590,6794,1998,Con,NDP,Lib,77.59%,402.97%,12.61%,,10.11%,2.51%,,
43,AB,Rural Alberta,48001,Banff--Airdrie,,54580,3230,8216,7960,2609,Con,Lib,NDP,71.26%,246.44%,14.61%,,10.39%,4.22%,,
43,AB,Rural Alberta,48002,Battle River--Crowfoot,,52497,1750,2485,3089,1583,Con,NDP,Lib,85.49%,176.51%,7.88%,,5.03%,2.85%,,
43,AB,Rural Alberta,48003,Bow River,,45691,805,3104,3010,1747,Con,Lib,NDP,84.06%,373.91%,7.02%,,5.54%,1.48%,,
43,AB,Rural Alberta,48022,Foothills,,52907,2309,3765,3641,1668,Con,Lib,NDP,82.29%,157.69%,9.25%,,5.66%,3.59%,,
43,AB,Rural Alberta,48023,Fort McMurray--Cold Lake,,39765,857,4708,2767,1583,Con,Lib,NDP,80.04%,322.87%,7.29%,,5.57%,1.73%,,
43,AB,Rural Alberta,48024,Grande Prairie--Mackenzie,,50458,1138,2803,4064,1473,Con,NDP,Lib,84.19%,357.12%,8.68%,,6.78%,1.90%,,
43,AB,Rural Alberta,48025,Lakeland,,47551,1069,2492,3634,1827,Con,NDP,Lib,84.05%,339.94%,8.31%,,6.42%,1.89%,,
43,AB,Rural Alberta,48026,Lethbridge,,41580,1999,8642,9419,1699,Con,NDP,Lib,65.65%,471.19%,18.03%,,14.87%,3.16%,,
43,AB,Rural Alberta,48027,Medicine Hat--Cardston--Warner,,41498,1165,3467,4530,1674,Con,NDP,Lib,79.29%,388.84%,10.88%,,8.66%,2.23%,,
43,AB,Rural Alberta,48028,Peace River--Westlock,,41159,1350,3062,3805,1569,Con,NDP,Lib,80.79%,281.85%,10.12%,,7.47%,2.65%,,
43,AB,Rural Alberta,48030,Red Deer--Lacombe,,52684,1533,3437,5888,2408,Con,NDP,Lib,79.88%,384.08%,11.25%,,8.93%,2.32%,,
43,AB,Rural Alberta,48029,Red Deer--Mountain View,,54111,1997,3724,4836,2609,Con,NDP,Lib,80.43%,242.16%,10.16%,,7.19%,2.97%,,
43,AB,Rural Alberta,48034,Yellowhead,,45206,1236,2842,3781,1896,Con,NDP,Lib,82.25%,305.91%,9.13%,,6.88%,2.25%,,
43,BC,BC Interior - North,59004,Cariboo--Prince George,,28564,4920,10788,8321,1533,Con,Lib,NDP,52.77%,169.13%,24.46%,Stretch,15.37%,9.09%,,
43,BC,BC Interior - North,59024,Prince George--Peace River--Northern Rockies,,38157,3395,6304,5013,1728,Con,Lib,NDP,69.89%,147.66%,15.40%,,9.18%,6.22%,,
43,BC,BC Interior - North,59028,Skeena--Bulkley Valley,,13637,3193,4704,16670,2591,NDP,Con,Lib,40.86%,522.08%,48.69%,Incumbent,40.86%,7.83%,,
43,BC,BC Interior - SE,59005,Central Okanagan--Similkameen--Nicola,,30364,4910,15843,10772,1547,Con,Lib,NDP,47.87%,219.39%,24.72%,Stretch,16.98%,7.74%,,
43,BC,BC Interior - SE,59013,Kamloops--Thompson--Cariboo,,32057,8696,19543,9824,1583,Con,Lib,NDP,44.71%,112.97%,25.83%,Stretch,13.70%,12.13%,,
43,BC,BC Interior - SE,59014,Kelowna--Lake Country,,31037,5025,22150,8229,1424,Con,Lib,NDP,45.73%,163.76%,19.53%,,12.13%,7.40%,,
43,BC,BC Interior - SE,59015,Kootenay--Columbia,,29893,5998,6033,22707,1696,Con,NDP,Lib,45.07%,378.58%,43.28%,Winnable,34.23%,9.04%,,
43,BC,BC Interior - SE,59020,North Okanagan--Shuswap,,35753,7697,16626,11198,1999,Con,Lib,NDP,48.79%,145.49%,25.79%,Stretch,15.28%,10.50%,,
43,BC,BC Interior - SE,59029,South Okanagan--West Kootenay,,23508,5520,11481,24304,1948,NDP,Con,Lib,36.40%,440.29%,44.67%,Incumbent,36.40%,8.27%,,
43,BC,Fraser Valley and S Lower M,59001,Abbotsford,,25028,3655,10460,8164,1241,Con,Lib,NDP,51.55%,223.37%,24.34%,Stretch,16.82%,7.53%,,
43,BC,Fraser Valley and S Lower M,59006,Chilliwack--Hope,,26477,5168,10735,8868,2024,Con,Lib,NDP,49.70%,171.59%,26.35%,Stretch,16.65%,9.70%,,
43,BC,Fraser Valley and S Lower M,59007,Cloverdale--Langley City,,20772,3502,19470,10389,925,Con,Lib,NDP,37.73%,296.66%,25.23%,Stretch,18.87%,6.36%,,
43,BC,Fraser Valley and S Lower M,59011,Delta,,17638,3310,21969,8654,1717,Lib,Con,NDP,41.23%,261.45%,22.45%,Stretch,16.24%,6.21%,,
43,BC,Fraser Valley and S Lower M,59012,Fleetwood--Port Kells,,16347,2324,18149,10293,1081,Lib,Con,NDP,37.66%,442.90%,26.18%,Stretch,21.36%,4.82%,,
43,BC,Fraser Valley and S Lower M,59016,Langley--Aldergrove,,28953,4704,15700,10418,1762,Con,Lib,NDP,47.05%,221.47%,24.57%,Stretch,16.93%,7.64%,,
43,BC,Fraser Valley and S Lower M,59017,Mission--Matsqui--Fraser Canyon,,19271,4999,12022,8004,1447,Con,Lib,NDP,42.13%,160.11%,28.43%,Stretch,17.50%,10.93%,,
43,BC,Fraser Valley and S Lower M,59022,Pitt Meadows--Maple Ridge,,19501,4259,15957,12802,1188,Con,Lib,NDP,36.31%,300.59%,31.77%,Winnable,23.84%,7.93%,,
43,BC,Fraser Valley and S Lower M,59025,Richmond Centre,,18791,2318,10824,5482,727,Con,Lib,NDP,49.27%,236.50%,20.45%,Stretch,14.37%,6.08%,,
43,BC,Fraser Valley and S Lower M,59030,South Surrey--White Rock,,24044,4361,21319,6558,838,Con,Lib,NDP,42.09%,150.38%,19.12%,Stretch,11.48%,7.63%,,
43,BC,Fraser Valley and S Lower M,59031,Steveston--Richmond East,,17193,2852,14397,6167,475,Con,Lib,NDP,41.85%,216.23%,21.95%,Stretch,15.01%,6.94%,,
43,BC,Fraser Valley and S Lower M,59032,Surrey Centre,,10413,2505,15266,11166,1475,Lib,NDP,Con,37.39%,445.75%,33.49%,Winnable,27.35%,6.14%,,
43,BC,Fraser Valley and S Lower M,59033,Surrey--Newton,,8511,1296,18328,11854,669,Lib,NDP,Con,45.08%,914.66%,32.34%,Stretch,29.16%,3.19%,,
43,BC,Vancouver and N Lower Main,59002,Burnaby North--Seymour,,9572,4630,17404,15844,1538,Lib,NDP,Con,35.53%,342.20%,41.79%,Winnable,32.34%,9.45%,,
43,BC,Vancouver and N Lower Main,59003,Burnaby South,,13887,2481,10634,16753,946,NDP,Con,Lib,37.48%,675.25%,43.03%,Incumbent,37.48%,5.55%,,
43,BC,Vancouver and N Lower Main,59008,Coquitlam--Port Coquitlam,,19275,3889,19614,13073,783,Lib,Con,NDP,34.63%,336.15%,29.95%,Winnable,23.08%,6.87%,,
43,BC,Vancouver and N Lower Main,59019,New Westminster--Burnaby,,11278,4280,12240,23022,1288,NDP,Lib,Con,44.18%,537.90%,52.40%,Incumbent,44.18%,8.21%,,
43,BC,Vancouver and N Lower Main,59021,North Vancouver,,16775,7676,26402,10116,905,Lib,Con,NDP,42.67%,131.79%,28.76%,Stretch,16.35%,12.41%,,
43,BC,Vancouver and N Lower Main,59023,Port Moody--Coquitlam,,16588,3812,15409,16255,865,Con,NDP,Lib,31.34%,426.42%,37.91%,Winnable,30.71%,7.20%,,
43,BC,Vancouver and N Lower Main,59034,Vancouver Centre,,10244,6577,22317,12582,1230,Lib,NDP,Con,42.15%,191.30%,36.18%,Winnable,23.76%,12.42%,,
43,BC,Vancouver and N Lower Main,59035,Vancouver East,,6601,7811,9804,28473,1533,NDP,Lib,Grn,52.51%,364.52%,66.92%,Incumbent,52.51%,14.41%,,
43,BC,Vancouver and N Lower Main,59036,Vancouver Granville,,11326,2554,13637,6730,16955,Other,Lib,Con,33.11%,263.51%,18.13%,,13.14%,4.99%,,
43,BC,Vancouver and N Lower Main,59038,Vancouver Kingsway,,8698,2592,10012,21150,799,NDP,Lib,Con,48.90%,815.97%,54.89%,Incumbent,48.90%,5.99%,,
43,BC,Vancouver and N Lower Main,59039,Vancouver Quadra,,13814,6054,21398,7461,587,Lib,Con,NDP,43.39%,123.24%,27.41%,Stretch,15.13%,12.28%,,
43,BC,Vancouver and N Lower Main,59040,Vancouver South,,14222,2375,17442,7841,527,Lib,Con,NDP,41.13%,330.15%,24.09%,Stretch,18.49%,5.60%,,
43,BC,Vancouver and N Lower Main,59042,West Vancouver--Sunshine Coast--Sea to Sky Country,,17106,14099,22135,8814,1347,Lib,Con,Grn,34.86%,62.52%,36.08%,Winnable,13.88%,22.20%,,
43,BC,Vancouver Island,59009,Courtenay--Alberni,,23516,9569,8513,29407,168,NDP,Con,Grn,41.32%,307.32%,54.76%,Incumbent,41.32%,13.44%,,
43,BC,Vancouver Island,59010,Cowichan--Malahat--Langford,,16456,12880,10125,23095,1246,NDP,Con,Grn,36.20%,179.31%,56.39%,Incumbent,36.20%,20.19%,,
43,BC,Vancouver Island,59026,Esquimalt--Saanich--Sooke,,13054,18135,12342,23516,1956,NDP,Grn,Con,34.08%,129.67%,60.36%,Incumbent,34.08%,26.28%,,
43,BC,Vancouver Island,59018,Nanaimo--Ladysmith,,18447,24537,9649,16857,1644,Grn,Con,NDP,34.49%,68.70%,58.19%,Incumbent,23.70%,34.49%,,
43,BC,Vancouver Island,59037,North Island--Powell River,,20131,8899,8151,23481,1464,NDP,Con,Grn,37.80%,263.86%,52.12%,Incumbent,37.80%,14.32%,,
43,BC,Vancouver Island,59027,Saanich--Gulf Islands,,13507,32326,11116,8446,914,Grn,Con,Lib,48.75%,26.13%,61.49%,Incumbent,12.74%,48.75%,,
43,BC,Vancouver Island,59041,Victoria,,8833,20846,15686,23290,1418,NDP,Grn,Lib,33.24%,111.72%,62.99%,Incumbent,33.24%,29.75%,,
43,MB,Rural Manitoba,46001,Brandon--Souris,,25729,2933,4924,5694,1256,Con,NDP,Lib,63.47%,194.14%,21.28%,Stretch,14.05%,7.24%,,
43,MB,Rural Manitoba,46003,Churchill--Keewatinook Aski,,4648,1109,5125,11133,296,NDP,Lib,Con,49.90%,1003.88%,54.87%,Incumbent,49.90%,4.97%,,
43,MB,Rural Manitoba,46004,Dauphin--Swan River--Neepawa,,24942,2090,5103,5404,1147,Con,NDP,Lib,64.47%,258.56%,19.37%,Stretch,13.97%,5.40%,,
43,MB,Rural Manitoba,46007,Portage--Lisgar,,31403,2307,4721,3783,2013,Con,Lib,NDP,71.00%,163.98%,13.77%,,8.55%,5.22%,,
43,MB,Rural Manitoba,46008,Provencher,,31588,2930,6254,6093,1158,Con,Lib,NDP,65.78%,207.95%,18.79%,Stretch,12.69%,6.10%,,
43,MB,Rural Manitoba,46010,Selkirk--Interlake--Eastman,,30779,2890,5895,8743,667,Con,NDP,Lib,62.85%,302.53%,23.75%,Stretch,17.85%,5.90%,,
43,MB,Winnipeg,46002,Charleswood--St. James--Assiniboia--Headingley,,18530,2114,16133,6484,2249,Con,Lib,NDP,40.72%,306.72%,18.89%,Stretch,14.25%,4.65%,,
43,MB,Winnipeg,46005,Elmwood--Transcona,,16426,1477,5282,19841,506,NDP,Con,Lib,45.58%,1343.33%,48.97%,Incumbent,45.58%,3.39%,,
43,MB,Winnipeg,46006,Kildonan--St. Paul,,19690,1738,12187,9187,966,Con,Lib,NDP,44.99%,528.60%,24.96%,Stretch,20.99%,3.97%,,
43,MB,Winnipeg,46009,Saint Boniface--Saint Vital,,15287,2617,19934,7932,954,Lib,Con,NDP,42.66%,303.10%,22.58%,Stretch,16.98%,5.60%,,
43,MB,Winnipeg,46011,Winnipeg Centre,,5523,1611,10385,12844,703,NDP,Lib,Con,41.34%,797.27%,46.53%,Incumbent,41.34%,5.19%,,
43,MB,Winnipeg,46012,Winnipeg North,,6652,887,14867,8221,901,Lib,NDP,Con,47.15%,926.83%,28.89%,Stretch,26.08%,2.81%,,
43,MB,Winnipeg,46013,Winnipeg South,,18309,2023,19887,6573,407,Lib,Con,NDP,42.13%,324.91%,18.21%,Stretch,13.93%,4.29%,,
43,MB,Winnipeg,46014,Winnipeg South Centre,,14565,3042,22106,8601,638,Lib,Con,NDP,45.16%,282.74%,23.78%,Stretch,17.57%,6.21%,,
43,NB,New Brunswick - N and W,13001,Acadie--Bathurst,,10344,4271,26519,6963,,Lib,Con,NDP,55.14%,163.03%,23.36%,Stretch,14.48%,8.88%,,
43,NB,New Brunswick - N and W,13005,Madawaska--Restigouche,,9800,5090,17331,2314,,Lib,Con,Grn,50.18%,45.46%,21.44%,Stretch,6.70%,14.74%,,
43,NB,New Brunswick - N and W,13006,Miramichi--Grand Lake,,12311,3915,12725,2874,2772,Lib,Con,Grn,36.78%,73.41%,19.62%,Stretch,8.31%,11.32%,,
43,NB,New Brunswick - N and W,13007,Moncton--Riverview--Dieppe,,12190,9371,22261,6164,1957,Lib,Con,Grn,42.86%,65.78%,29.91%,Stretch,11.87%,18.04%,,
43,NB,New Brunswick - N and W,13010,Tobique--Mactaquac,,19229,5343,9631,3007,936,Con,Lib,Grn,50.41%,56.28%,21.89%,Stretch,7.88%,14.01%,,
43,NB,New Brunswick - SE,13002,Beauséjour,,9435,14251,24957,3937,1050,Lib,Grn,Con,46.54%,27.63%,33.91%,Stretch,7.34%,26.57%,,
43,NB,New Brunswick - SE,13003,Fredericton,,14589,15380,12803,2826,1243,Grn,Con,Lib,32.83%,18.37%,38.87%,Incumbent,6.03%,32.83%,,
43,NB,New Brunswick - SE,13004,Fundy Royal,,21727,7060,12015,4660,1730,Con,Lib,Grn,46.04%,66.01%,24.83%,Stretch,9.87%,14.96%,,
43,NB,New Brunswick - SE,13008,New Brunswick Southwest,,19457,5352,10110,3251,1478,Con,Lib,Grn,49.07%,60.74%,21.70%,Stretch,8.20%,13.50%,,
43,NB,New Brunswick - SE,13009,Saint John--Rothesay,,14006,4153,15448,5046,2601,Lib,Con,NDP,37.45%,121.50%,22.30%,Stretch,12.23%,10.07%,,
43,NL,Newfoundland and Labrador,10001,Avalon,,12538,2172,18646,7101,,Lib,Con,NDP,46.09%,326.93%,22.92%,Stretch,17.55%,5.37%,,
43,NL,Newfoundland and Labrador,10002,Bonavista--Burin--Trinity,,12697,920,14701,3855,,Lib,Con,NDP,45.69%,419.02%,14.84%,,11.98%,2.86%,,
43,NL,Newfoundland and Labrador,10003,Coast of Bays--Central--Notre Dame,,11695,1310,15861,4058,,Lib,Con,NDP,48.17%,309.77%,16.30%,,12.33%,3.98%,,
43,NL,Newfoundland and Labrador,10004,Labrador,,3548,224,4821,2796,,Lib,Con,NDP,42.33%,1248.21%,26.52%,Stretch,24.55%,1.97%,,
43,NL,Newfoundland and Labrador,10005,Long Range Mountains,,10874,1326,18182,7594,409,Lib,Con,NDP,47.37%,572.70%,23.24%,Stretch,19.78%,3.45%,,
43,NL,Newfoundland and Labrador,10006,St. John's East,,8187,818,14961,21164,,NDP,Lib,Con,46.90%,2587.29%,48.71%,Incumbent,46.90%,1.81%,,
43,NL,Newfoundland and Labrador,10007,St. John's South--Mount Pearl,,7537,717,20094,10703,463,Lib,NDP,Con,50.85%,1492.75%,28.90%,Stretch,27.09%,1.81%,,
43,NS,Nova Scotia - Halifax,12004,Dartmouth--Cole Harbour,,8480,5197,23751,14220,937,Lib,NDP,Con,45.17%,273.62%,36.92%,Winnable,27.04%,9.88%,,
43,NS,Nova Scotia - Halifax,12005,Halifax,,6214,7762,23088,16594,831,Lib,NDP,Grn,42.37%,213.79%,44.70%,Winnable,30.45%,14.25%,,
43,NS,Nova Scotia - Halifax,12006,Halifax West,,10488,6555,26884,10429,,Lib,Con,NDP,49.46%,159.10%,31.25%,Stretch,19.19%,12.06%,,
43,NS,Nova Scotia - Halifax,12008,Sackville--Preston--Chezzetcook,,11224,5743,19920,11857,819,Lib,NDP,Con,40.19%,206.46%,35.51%,Winnable,23.92%,11.59%,,
43,NS,Nova Scotia - Northern,12001,Cape Breton--Canso,,14478,3246,16097,6258,1778,Lib,Con,NDP,38.46%,192.79%,22.71%,Stretch,14.95%,7.75%,,
43,NS,Nova Scotia - Northern,12002,Central Nova,,13201,3478,20718,5896,1266,Lib,Con,NDP,46.50%,169.52%,21.04%,Stretch,13.23%,7.81%,,
43,NS,Nova Scotia - Northern,12010,Sydney--Victoria,,11228,2249,12536,8150,6413,Lib,Con,NDP,30.90%,362.38%,25.63%,Winnable,20.09%,5.54%,,
43,NS,Nova Scotia - West and South,12003,Cumberland--Colchester,,16219,6015,16672,5451,1093,Lib,Con,Grn,36.68%,90.62%,25.23%,Stretch,11.99%,13.23%,,
43,NS,Nova Scotia - West and South,12007,Kings--Hants,,11905,6029,20807,8243,1051,Lib,Con,NDP,43.32%,136.72%,29.71%,Stretch,17.16%,12.55%,,
43,NS,Nova Scotia - West and South,12009,South Shore--St. Margarets,,14744,6070,21887,8361,1459,Lib,Con,NDP,41.67%,137.74%,27.48%,Stretch,15.92%,11.56%,,
43,NS,Nova Scotia - West and South,12011,West Nova,,18390,5949,17034,5020,453,Con,Lib,Grn,39.26%,84.38%,23.42%,Stretch,10.72%,12.70%,,
43,North,North,61001,Northwest Territories,,4279,1757,6638,3619,295,Lib,Con,NDP,40.02%,205.98%,32.41%,Stretch,21.82%,10.59%,,
43,North,North,62001,Nunavut,,2327,189,2798,3717,,NDP,Lib,Con,41.16%,1966.67%,43.25%,Incumbent,41.16%,2.09%,,
43,North,North,60001,Yukon,,6777,2109,6849,4475,280,Lib,Con,NDP,33.43%,212.19%,32.13%,Winnable,21.84%,10.29%,,
43,ON,"Brampton, Miss. and Oakville",35008,Brampton Centre,,10605,1655,18543,7693,782,Lib,Con,NDP,47.21%,464.83%,23.80%,Stretch,19.59%,4.21%,,
43,ON,"Brampton, Miss. and Oakville",35009,Brampton East,,12045,679,23727,13077,550,Lib,NDP,Con,47.38%,1925.92%,27.47%,Stretch,26.11%,1.36%,,
43,ON,"Brampton, Miss. and Oakville",35010,Brampton North,,13895,1479,25697,8382,505,Lib,Con,NDP,51.44%,566.73%,19.74%,Stretch,16.78%,2.96%,,
43,ON,"Brampton, Miss. and Oakville",35011,Brampton South,,13753,1898,23836,7828,856,Lib,Con,NDP,49.48%,412.43%,20.19%,Stretch,16.25%,3.94%,,
43,ON,"Brampton, Miss. and Oakville",35012,Brampton West,,12659,1240,28433,9695,980,Lib,Con,NDP,53.64%,781.85%,20.63%,Stretch,18.29%,2.34%,,
43,ON,"Brampton, Miss. and Oakville",35058,Mississauga Centre,,15758,1617,29472,5025,1076,Lib,Con,NDP,55.66%,310.76%,12.54%,,9.49%,3.05%,,
43,ON,"Brampton, Miss. and Oakville",35059,Mississauga East--Cooksville,,17237,1530,27058,4452,802,Lib,Con,NDP,52.97%,290.98%,11.71%,,8.72%,3.00%,,
43,ON,"Brampton, Miss. and Oakville",35060,Mississauga--Erin Mills,,19105,2156,30894,5149,650,Lib,Con,NDP,53.31%,238.82%,12.60%,,8.88%,3.72%,,
43,ON,"Brampton, Miss. and Oakville",35061,Mississauga--Lakeshore,,22573,2756,28994,4979,827,Lib,Con,NDP,48.22%,180.66%,12.86%,,8.28%,4.58%,,
43,ON,"Brampton, Miss. and Oakville",35062,Mississauga--Malton,,12448,1218,27501,5953,773,Lib,Con,NDP,57.42%,488.75%,14.97%,,12.43%,2.54%,,
43,ON,"Brampton, Miss. and Oakville",35063,Mississauga--Streetsville,,19227,2695,29058,5955,964,Lib,Con,NDP,50.19%,220.96%,14.94%,,10.29%,4.65%,,
43,ON,"Brampton, Miss. and Oakville",35072,Oakville,,24046,3459,28668,4807,902,Lib,Con,NDP,46.33%,138.97%,13.36%,,7.77%,5.59%,,
43,ON,"Brampton, Miss. and Oakville",35073,Oakville North--Burlington,,26229,2844,32952,5691,736,Lib,Con,NDP,48.14%,200.11%,12.47%,,8.31%,4.15%,,
43,ON,Central Ontario,35004,Barrie--Innisfil,,23573,4630,15655,8742,1000,Con,Lib,NDP,43.98%,188.81%,24.95%,Stretch,16.31%,8.64%,,
43,ON,Central Ontario,35005,Barrie--Springwater--Oro-Medonte,,20857,6968,16601,7868,960,Con,Lib,NDP,39.17%,112.92%,27.86%,Stretch,14.77%,13.08%,,
43,ON,Central Ontario,35014,Bruce--Grey--Owen Sound,,26584,5007,17247,6666,2018,Con,Lib,NDP,46.22%,133.13%,20.29%,Stretch,11.59%,8.70%,,
43,ON,Central Ontario,35022,Dufferin--Caledon,,28729,7252,22330,7822,1823,Con,Lib,NDP,42.28%,107.86%,22.18%,Stretch,11.51%,10.67%,,
43,ON,Central Ontario,35034,Haliburton--Kawartha Lakes--Brock,,31986,5413,16839,9532,1245,Con,Lib,NDP,49.20%,176.09%,22.99%,Stretch,14.66%,8.33%,,
43,ON,Central Ontario,35071,Northumberland--Peterborough South,,27218,5417,24706,9482,1445,Con,Lib,NDP,39.87%,175.04%,21.82%,Stretch,13.89%,7.93%,,
43,ON,Central Ontario,35084,Peterborough--Kawartha,,24096,4857,26979,11698,1224,Lib,Con,NDP,39.18%,240.85%,24.04%,Stretch,16.99%,7.05%,,
43,ON,Central Ontario,35100,Simcoe North,,27112,5820,19140,8749,1481,Con,Lib,NDP,43.52%,150.33%,23.38%,Stretch,14.04%,9.34%,,
43,ON,Central Ontario,35099,Simcoe--Grey,,32444,8423,23372,8320,1667,Con,Lib,Grn,43.71%,98.78%,22.56%,Stretch,11.21%,11.35%,,
43,ON,Central Ontario,35119,York--Simcoe,,24796,4615,14252,7481,2159,Con,Lib,NDP,46.52%,162.10%,22.69%,Stretch,14.03%,8.66%,,
43,ON,Central Toronto,35007,Beaches--East York,,7957,3295,32168,11964,822,Lib,NDP,Con,57.23%,363.10%,27.15%,,21.29%,5.86%,,
43,ON,Central Toronto,35018,Davenport,,5014,2341,22813,21341,794,Lib,NDP,Con,43.62%,911.62%,45.28%,Winnable,40.80%,4.48%,,
43,ON,Central Toronto,35021,Don Valley West,,15981,2140,28426,3758,712,Lib,Con,NDP,55.72%,175.61%,11.56%,,7.37%,4.19%,,
43,ON,Central Toronto,35024,Eglinton--Lawrence,,17909,2581,29384,4654,581,Lib,Con,NDP,53.32%,180.32%,13.13%,,8.45%,4.68%,,
43,ON,Central Toronto,35081,Parkdale--High Park,,7960,3898,28408,18777,909,Lib,NDP,Con,47.38%,481.71%,37.82%,Stretch,31.32%,6.50%,,
43,ON,Central Toronto,35101,Spadina--Fort York,,10485,3067,33060,12227,809,Lib,NDP,Con,55.43%,398.66%,25.64%,Stretch,20.50%,5.14%,,
43,ON,Central Toronto,35108,Toronto Centre,,6470,3726,30580,11886,637,Lib,NDP,Con,57.37%,319.00%,29.29%,Stretch,22.30%,6.99%,,
43,ON,Central Toronto,35109,Toronto--Danforth,,6035,3676,27144,18896,1239,Lib,NDP,Con,47.63%,514.04%,39.61%,Winnable,33.16%,6.45%,,
43,ON,Central Toronto,35090,Toronto--St. Paul's,,12579,3914,32256,9177,924,Lib,Con,NDP,54.81%,234.47%,22.24%,Stretch,15.59%,6.65%,,
43,ON,Central Toronto,35110,University--Rosedale,,9008,4585,28088,11996,927,Lib,NDP,Con,51.44%,261.64%,30.37%,Stretch,21.97%,8.40%,Christia Freeland's riding,
43,ON,Central Toronto,35120,York South--Weston,,8369,1593,25638,8427,761,Lib,NDP,Con,57.24%,529.00%,22.37%,,18.82%,3.56%,,
43,ON,Durham and York,35001,Ajax,,16219,2016,34344,6811,987,Lib,Con,NDP,56.88%,337.85%,14.62%,,11.28%,3.34%,,
43,ON,Durham and York,35003,Aurora--Oak Ridges--Richmond Hill,,23333,2090,22014,3684,1041,Con,Lib,NDP,42.20%,176.27%,11.07%,,7.06%,4.01%,,
43,ON,Durham and York,35023,Durham,,30627,3881,23299,13144,1472,Con,Lib,NDP,42.29%,338.68%,23.51%,Stretch,18.15%,5.36%,,
43,ON,Durham and York,35043,King--Vaughan,,27454,2460,28365,4195,725,Lib,Con,NDP,44.88%,170.53%,10.53%,,6.64%,3.89%,,
43,ON,Durham and York,35054,Markham--Stouffville,,19570,1581,24743,4013,13747,Lib,Con,Other,38.87%,253.83%,8.79%,,6.30%,2.48%,,
43,ON,Durham and York,35055,Markham--Thornhill,,15401,1218,23826,3248,637,Lib,Con,NDP,53.75%,266.67%,10.07%,,7.33%,2.75%,,
43,ON,Durham and York,35056,Markham--Unionville,,25871,2318,20019,3393,863,Con,Lib,NDP,49.31%,146.38%,10.89%,,6.47%,4.42%,,
43,ON,Durham and York,35065,Newmarket--Aurora,,23079,3437,25957,6418,1577,Lib,Con,NDP,42.93%,186.73%,16.30%,,10.61%,5.68%,,
43,ON,Durham and York,35074,Oshawa,,23989,3117,15592,17531,1385,Con,NDP,Lib,38.93%,562.43%,33.51%,Winnable,28.45%,5.06%,,
43,ON,Durham and York,35085,Pickering--Uxbridge,,18320,3711,32019,7462,1239,Lib,Con,NDP,51.03%,201.08%,17.81%,,11.89%,5.91%,,
43,ON,Durham and York,35087,Richmond Hill,,21692,1695,21804,4425,633,Lib,Con,NDP,43.39%,261.06%,12.18%,,8.81%,3.37%,,
43,ON,Durham and York,35104,Thornhill,,29082,1567,18872,3603,308,Con,Lib,NDP,54.43%,229.93%,9.68%,,6.74%,2.93%,,
43,ON,Durham and York,35111,Vaughan--Woodbridge,,18215,1286,25654,3845,1010,Lib,Con,NDP,51.30%,298.99%,10.26%,,7.69%,2.57%,,
43,ON,Durham and York,35114,Whitby,,24307,3649,29713,9547,843,Lib,Con,NDP,43.66%,261.63%,19.39%,Stretch,14.03%,5.36%,,
43,ON,Eastern Ontario,35006,Bay of Quinte,,22886,3744,24351,9770,1202,Lib,Con,NDP,39.31%,260.95%,21.81%,Stretch,15.77%,6.04%,,
43,ON,Eastern Ontario,35031,Glengarry--Prescott--Russell,,22849,2017,29991,6619,1821,Lib,Con,NDP,47.38%,328.16%,13.64%,,10.46%,3.19%,,
43,ON,Eastern Ontario,35039,Hastings--Lennox and Addington,,21225,2991,18991,6840,1274,Con,Lib,NDP,41.36%,228.69%,19.16%,Stretch,13.33%,5.83%,,
43,ON,Eastern Ontario,35044,Kingston and the Islands,,12808,5867,30688,15592,1717,Lib,NDP,Con,46.03%,265.76%,32.19%,Stretch,23.39%,8.80%,,
43,ON,Eastern Ontario,35049,Lanark--Frontenac--Kingston,,29405,6770,14926,8678,1089,Con,Lib,NDP,48.31%,128.18%,25.38%,Stretch,14.26%,11.12%,,
43,ON,Eastern Ontario,35050,Leeds-Grenville-Thousand Islands and Rideau Lakes,,28435,5049,15266,8071,978,Con,Lib,NDP,49.20%,159.85%,22.70%,Stretch,13.96%,8.74%,,
43,ON,Eastern Ontario,35086,Renfrew--Nipissing--Pembroke,,30287,3108,11326,8587,4198,Con,Lib,NDP,52.67%,276.29%,20.34%,Stretch,14.93%,5.40%,,
43,ON,Eastern Ontario,35102,Stormont--Dundas--South Glengarry,,28848,2080,13585,7567,1178,Con,Lib,NDP,54.17%,363.80%,18.11%,,14.21%,3.91%,,
43,ON,"Hamilton, Burl & Niagara",35015,Burlington,,23467,4606,34217,7622,976,Lib,Con,NDP,48.27%,165.48%,17.25%,,10.75%,6.50%,,
43,ON,"Hamilton, Burl & Niagara",35030,Flamborough--Glanbrook,,24352,3756,23702,10152,975,Con,Lib,NDP,38.69%,270.29%,22.10%,Stretch,16.13%,5.97%,,
43,ON,"Hamilton, Burl & Niagara",35035,Hamilton Centre,,6294,3314,12474,20080,1366,NDP,Lib,Con,46.13%,605.91%,53.74%,Incumbent,46.13%,7.61%,,
43,ON,"Hamilton, Burl & Niagara",35036,Hamilton East--Stoney Creek,,13007,2859,19899,14814,1060,Lib,NDP,Con,38.53%,518.15%,34.22%,Winnable,28.69%,5.54%,,
43,ON,"Hamilton, Burl & Niagara",35037,Hamilton Mountain,,13330,3059,15825,18872,1187,NDP,Lib,Con,36.10%,616.93%,41.95%,Incumbent,36.10%,5.85%,,
43,ON,"Hamilton, Burl & Niagara",35038,Hamilton West--Ancaster--Dundas,,17219,4775,29740,11356,1041,Lib,Con,NDP,46.37%,237.82%,25.15%,Stretch,17.71%,7.45%,,
43,ON,"Hamilton, Burl & Niagara",35057,Milton,,21454,2713,30467,3761,610,Lib,Con,NDP,51.63%,138.63%,10.97%,,6.37%,4.60%,,
43,ON,"Hamilton, Burl & Niagara",35066,Niagara Centre,,17895,2999,20109,15358,1149,Lib,Con,NDP,34.97%,512.10%,31.92%,Winnable,26.70%,5.21%,,
43,ON,"Hamilton, Burl & Niagara",35067,Niagara Falls,,24266,3296,22079,12264,6206,Con,Lib,NDP,35.63%,372.09%,22.85%,Stretch,18.01%,4.84%,,
43,ON,"Hamilton, Burl & Niagara",35068,Niagara West,,23973,3495,16986,6388,1840,Con,Lib,NDP,45.51%,182.78%,18.76%,,12.13%,6.63%,,
43,ON,"Hamilton, Burl & Niagara",35089,St. Catharines,,18850,3637,23817,12252,814,Lib,Con,NDP,40.12%,336.87%,26.76%,Stretch,20.64%,6.13%,,
43,ON,Midwest Ontario - Kitch.-Waterloo,35112,Waterloo,,15479,6087,30606,9525,1094,Lib,Con,NDP,48.74%,156.48%,24.86%,Stretch,15.17%,9.69%,,
43,ON,Midwest Ontario - Kitch.-Waterloo,35016,Cambridge,,17316,4279,22636,10972,2092,Lib,Con,NDP,39.51%,256.42%,26.62%,Stretch,19.15%,7.47%,,
43,ON,Midwest Ontario - Kitch.-Waterloo,35032,Guelph,,14348,18808,29890,9059,1954,Lib,Grn,Con,40.36%,48.17%,37.63%,Winnable,12.23%,25.40%,,
43,ON,Midwest Ontario - Kitch.-Waterloo,35113,Wellington--Halton Hills,,32801,8657,19455,6346,1501,Con,Lib,Grn,47.70%,73.30%,21.82%,,9.23%,12.59%,,
43,ON,Midwest Ontario - Kitch.-Waterloo,35045,Kitchener Centre,,13111,14215,20014,6093,1226,Lib,Grn,Con,36.62%,42.86%,37.15%,Winnable,11.15%,26.01%,,
43,ON,Midwest Ontario - Kitch.-Waterloo,35047,Kitchener South--Hespeler,,17359,5609,20732,6853,1141,Lib,Con,NDP,40.11%,122.18%,24.11%,Stretch,13.26%,10.85%,,
43,ON,Midwest Ontario - Kitch.-Waterloo,35046,Kitchener--Conestoga,,19833,4889,20106,5152,783,Lib,Con,NDP,39.61%,105.38%,19.78%,Stretch,10.15%,9.63%,,
43,ON,Midwest Ontario - NW,35040,Huron--Bruce,,29351,2670,19909,7301,1099,Con,Lib,NDP,48.65%,273.45%,16.53%,,12.10%,4.43%,,
43,ON,Midwest Ontario - NW,35083,Perth--Wellington,,25504,4882,14827,8081,1627,Con,Lib,NDP,46.44%,165.53%,23.60%,Stretch,14.71%,8.89%,,
43,ON,Midwest Ontario - S,35013,Brantford--Brant,,26723,4165,20250,12972,1958,Con,Lib,NDP,40.45%,311.45%,25.94%,Stretch,19.63%,6.30%,,
43,ON,Midwest Ontario - S,35033,Haldimand--Norfolk,,27298,4705,14285,8995,3089,Con,Lib,NDP,46.77%,191.18%,23.47%,Stretch,15.41%,8.06%,,
43,ON,Midwest Ontario - S,35080,Oxford,,29209,4699,11621,12188,2752,Con,NDP,Lib,48.30%,259.37%,27.93%,Stretch,20.16%,7.77%,,
43,ON,Northern Ontario,35002,Algoma--Manitoulin--Kapuskasing,,10557,2145,9760,16740,1007,NDP,Con,Lib,41.63%,780.42%,46.97%,Incumbent,41.63%,5.33%,,
43,ON,Northern Ontario,35042,Kenora,,9313,1475,8188,7781,547,Con,Lib,NDP,34.11%,527.53%,33.90%,Winnable,28.50%,5.40%,,
43,ON,Northern Ontario,35069,Nickel Belt,,10281,2611,18918,15564,1150,Lib,NDP,Con,38.99%,596.09%,37.46%,Winnable,32.07%,5.38%,,
43,ON,Northern Ontario,35070,Nipissing--Timiskaming,,12332,2926,18101,9411,2403,Lib,Con,NDP,40.07%,321.63%,27.31%,Stretch,20.83%,6.48%,,
43,ON,Northern Ontario,35082,Parry Sound--Muskoka,,22676,8274,16418,6336,376,Con,Lib,Grn,41.93%,76.58%,27.02%,Stretch,11.72%,15.30%,,
43,ON,Northern Ontario,35092,Sault Ste. Marie,,13352,1781,16084,9317,733,Lib,Con,NDP,38.98%,523.13%,26.89%,Stretch,22.58%,4.32%,,
43,ON,Northern Ontario,35103,Sudbury,,9772,3183,19484,13766,1503,Lib,NDP,Con,40.84%,432.49%,35.53%,Winnable,28.85%,6.67%,,
43,ON,Northern Ontario,35105,Thunder Bay--Rainy River,,11984,1783,14336,11708,730,Lib,Con,NDP,35.36%,656.65%,33.28%,Winnable,28.88%,4.40%,,
43,ON,Northern Ontario,35106,Thunder Bay--Superior North,,10861,3505,17982,8969,861,Lib,Con,NDP,42.63%,255.89%,29.57%,Stretch,21.26%,8.31%,,
43,ON,Northern Ontario,35107,Timmins--James Bay,,9784,1226,9457,14357,1244,NDP,Con,Lib,39.81%,1171.04%,43.20%,Incumbent,39.81%,3.40%,,
43,ON,Ottawa,35088,Carleton,,31637,3302,25934,6289,773,Con,Lib,NDP,46.57%,190.46%,14.12%,,9.26%,4.86%,Neither the NDP or the Greens got the refund.,
43,ON,Ottawa,35041,Kanata--Carleton,,23699,4182,27802,8001,929,Lib,Con,NDP,43.03%,191.32%,18.86%,Stretch,12.38%,6.47%,,
43,ON,Ottawa,35064,Nepean,,22849,4347,31098,8852,1045,Lib,Con,NDP,45.60%,203.63%,19.36%,Stretch,12.98%,6.37%,,
43,ON,Ottawa,35076,Orléans,,22697,3727,43533,9277,964,Lib,Con,NDP,54.28%,248.91%,16.21%,,11.57%,4.65%,,
43,ON,Ottawa,35075,Ottawa Centre,,9519,5498,36612,22049,1770,Lib,NDP,Con,48.53%,401.04%,36.51%,Stretch,29.22%,7.29%,,
43,ON,Ottawa,35077,Ottawa South,,15707,3454,33433,10130,1028,Lib,Con,NDP,52.44%,293.28%,21.31%,Stretch,15.89%,5.42%,,
43,ON,Ottawa,35079,Ottawa West--Nepean,,16491,3823,27599,11401,1385,Lib,Con,NDP,45.47%,298.22%,25.08%,Stretch,18.78%,6.30%,,
43,ON,Ottawa,35078,Ottawa--Vanier,,10766,4522,31487,13034,2376,Lib,NDP,Con,50.63%,288.24%,28.23%,Stretch,20.96%,7.27%,,
43,ON,Southwest Ontario,35017,Chatham-Kent--Leamington,,25289,2205,16751,8125,1358,Con,Lib,NDP,47.07%,368.48%,19.23%,Stretch,15.12%,4.10%,,
43,ON,Southwest Ontario,35025,Elgin--Middlesex--London,,30880,3522,14166,10909,1811,Con,Lib,NDP,50.39%,309.74%,23.55%,Stretch,17.80%,5.75%,,
43,ON,Southwest Ontario,35026,Essex,,28126,2139,12840,23350,1231,Con,NDP,Lib,41.55%,1091.63%,37.66%,Winnable,34.50%,3.16%,,
43,ON,Southwest Ontario,35048,Lambton--Kent--Middlesex,,28489,3406,14638,9213,2118,Con,Lib,NDP,49.23%,270.49%,21.81%,Stretch,15.92%,5.89%,,
43,ON,Southwest Ontario,35052,London North Centre,,14291,4509,25496,13924,1557,Lib,Con,NDP,42.65%,308.80%,30.84%,Stretch,23.29%,7.54%,,
43,ON,Southwest Ontario,35053,London West,,19718,3767,30054,15010,1685,Lib,Con,NDP,42.79%,398.46%,26.73%,Stretch,21.37%,5.36%,,
43,ON,Southwest Ontario,35051,London--Fanshawe,,13636,2750,14679,22450,1418,NDP,Lib,Con,40.87%,816.36%,45.87%,Incumbent,40.87%,5.01%,,
43,ON,Southwest Ontario,35091,Sarnia--Lambton,,28340,2440,11824,12372,2108,Con,NDP,Lib,49.65%,507.05%,25.95%,Stretch,21.67%,4.27%,,
43,ON,Southwest Ontario,35117,Windsor West,,9822,1307,18697,20692,1021,NDP,Lib,Con,40.15%,1583.17%,42.68%,Incumbent,40.15%,2.54%,,
43,ON,Soutwest Ontario,35116,Windsor--Tecumseh,,15758,2140,18896,18254,1464,Lib,NDP,Con,33.44%,852.99%,36.09%,Winnable,32.30%,3.79%,,
43,ON,Suburban Toronto,35019,Don Valley East,,10036,1643,24908,4591,556,Lib,Con,NDP,59.68%,279.43%,14.94%,,11.00%,3.94%,,
43,ON,Suburban Toronto,35020,Don Valley North,,16307,1767,22998,4158,474,Lib,Con,NDP,50.32%,235.31%,12.96%,,9.10%,3.87%,,
43,ON,Suburban Toronto,35027,Etobicoke Centre,,21610,2745,32347,4739,949,Lib,Con,NDP,51.85%,172.64%,12.00%,,7.60%,4.40%,,
43,ON,Suburban Toronto,35029,Etobicoke North,,9415,1103,26147,4733,1287,Lib,Con,NDP,61.26%,429.10%,13.67%,,11.09%,2.58%,,
43,ON,Suburban Toronto,35028,Etobicoke--Lakeshore,,19811,4046,35522,8141,1068,Lib,Con,NDP,51.79%,201.21%,17.77%,,11.87%,5.90%,,
43,ON,Suburban Toronto,35121,Humber River--Black Creek,,6142,787,22983,7126,598,Lib,NDP,Con,61.07%,905.46%,21.03%,Stretch,18.93%,2.09%,,
43,ON,Suburban Toronto,35094,Scarborough Centre,,10320,1328,25424,5329,3675,Lib,Con,NDP,55.18%,401.28%,14.45%,,11.57%,2.88%,,
43,ON,Suburban Toronto,35096,Scarborough North,,11746,776,20605,4917,448,Lib,Con,NDP,53.53%,633.63%,14.79%,,12.77%,2.02%,,
43,ON,Suburban Toronto,35098,Scarborough Southwest,,10421,2428,28640,7800,817,Lib,Con,NDP,57.16%,321.25%,20.41%,Stretch,15.57%,4.85%,,
43,ON,Suburban Toronto,35093,Scarborough--Agincourt,,15376,1028,20778,3550,515,Lib,Con,NDP,50.37%,345.33%,11.10%,,8.61%,2.49%,,
43,ON,Suburban Toronto,35095,Scarborough--Guildwood,,9501,1198,25797,4687,1036,Lib,Con,NDP,61.10%,391.24%,13.94%,,11.10%,2.84%,,
43,ON,Suburban Toronto,35097,Scarborough--Rouge Park,,10088,2324,31339,5735,819,Lib,Con,NDP,62.30%,246.77%,16.02%,,11.40%,4.62%,,
43,ON,Suburban Toronto,35115,Willowdale,,16150,1628,21912,4128,821,Lib,Con,NDP,49.09%,253.56%,12.89%,,9.25%,3.65%,,
43,ON,Suburban Toronto,35118,York Centre,,15606,1377,21433,4172,,Lib,Con,NDP,50.33%,302.98%,13.03%,,9.80%,3.23%,,
43,PE,PEI,11001,Cardigan,,6303,3006,10687,1468,233,Lib,Con,Grn,49.26%,48.84%,20.62%,Stretch,6.77%,13.85%,,
43,PE,PEI,11002,Charlottetown,,3924,4458,8509,2193,168,Lib,Grn,Con,44.20%,49.19%,34.55%,Stretch,11.39%,23.16%,,
43,PE,PEI,11003,Egmont,,6616,3747,7513,1182,,Lib,Con,Grn,39.42%,31.55%,25.86%,Stretch,6.20%,19.66%,,
43,PE,PEI,11004,Malpeque,,5899,6103,9533,1495,,Lib,Grn,Con,41.39%,24.50%,32.99%,Winnable,6.49%,26.50%,,
43,QC,Cantons de l'Est,24025,Drummond,24237,9082,1827,9495,8632,1042,Bloc,Lib,Con,44.62%,472.47%,19.26%,,15.89%,3.36%,,
43,QC,Cantons de l'Est,24066,Saint-Hyacinthe--Bagot,22995,8024,2000,11828,10212,484,Bloc,Lib,NDP,41.40%,510.60%,21.99%,Stretch,18.39%,3.60%,,
43,QC,Cantons de l'Est,24072,Shefford,23438,7470,2757,22472,3631,784,Bloc,Lib,Con,38.71%,131.70%,10.55%,Try for refund,6.00%,4.55%,,
43,QC,Cantons de l'Est,24007,Beauce,8355,22817,1415,6895,1799,17844,Con,Other,Bloc,38.59%,127.14%,5.44%,,3.04%,2.39%,,
43,QC,Cantons de l'Est,24047,Mégantic--L'Érable,11997,23046,1210,7201,1910,1264,Con,Bloc,Lib,49.43%,157.85%,6.69%,,4.10%,2.60%,,
43,QC,Cantons de l'Est,24061,Richmond--Arthabaska,16475,26576,3073,8878,2813,680,Con,Bloc,Lib,45.43%,91.54%,10.06%,Try for refund,4.81%,5.25%,,
43,QC,Cantons de l'Est,24016,Brome--Missisquoi,21044,7679,3218,23410,4800,947,Lib,Bloc,Con,38.32%,149.16%,13.12%,,7.86%,5.27%,,
43,QC,Cantons de l'Est,24023,Compton--Stanstead,18507,8406,2977,21550,5521,835,Lib,Bloc,Con,37.29%,185.46%,14.70%,,9.55%,5.15%,,
43,QC,Cantons de l'Est,24073,Sherbrooke,15465,6376,2721,17551,16917,820,Lib,NDP,Bloc,29.32%,621.72%,32.81%,Winnable,28.27%,4.55%,,
43,QC,Côte-Nord - Saguenay,24020,Beauport-Côte-de-Beaupré-Île d'Orléans-Charlevoix,18325,14947,1328,10526,2795,2364,Bloc,Con,Lib,36.44%,210.47%,8.20%,,5.56%,2.64%,,
43,QC,Côte-Nord - Saguenay,24032,Jonquière,17422,10199,972,7819,11935,516,Bloc,NDP,Con,35.65%,1227.88%,26.41%,Stretch,24.43%,1.99%,,
43,QC,Côte-Nord - Saguenay,24035,Lac-Saint-Jean,23746,12508,998,13621,2656,442,Bloc,Lib,Con,44.00%,266.13%,6.77%,,4.92%,1.85%,,
43,QC,Côte-Nord - Saguenay,24046,Manicouagan,21553,7718,1250,7666,1434,285,Bloc,Con,Lib,54.01%,114.72%,6.73%,,3.59%,3.13%,,
43,QC,Côte-Nord - Saguenay,24022,Chicoutimi--Le Fjord,15248,15862,1357,7408,2757,636,Con,Bloc,Lib,36.66%,203.17%,9.51%,,6.37%,3.14%,,
43,QC,"Laurentides, Outaouis, Nord",24001,Abitibi--Baie-James--Nunavik--Eeyou,10904,4792,1006,8125,3446,652,Bloc,Lib,Con,37.70%,342.54%,15.39%,,11.91%,3.48%,,
43,QC,"Laurentides, Outaouis, Nord",24002,Abitibi--Témiscamingue,22591,7514,1766,12209,4943,730,Bloc,Lib,Con,45.41%,279.90%,13.48%,,9.94%,3.55%,,
43,QC,"Laurentides, Outaouis, Nord",24038,Laurentides--Labelle,30525,4972,3105,21514,4041,852,Bloc,Lib,Con,46.96%,130.14%,10.99%,,6.22%,4.78%,,
43,QC,"Laurentides, Outaouis, Nord",24048,Mirabel,32045,5741,3368,15547,5068,939,Bloc,Lib,Con,51.10%,150.48%,13.45%,,8.08%,5.37%,,
43,QC,"Laurentides, Outaouis, Nord",24062,Rivière-des-Mille-Îles,23521,4668,3043,20773,4933,842,Bloc,Lib,NDP,40.71%,162.11%,13.80%,,8.54%,5.27%,,
43,QC,"Laurentides, Outaouis, Nord",24063,Rivière-du-Nord,30620,6891,3293,12954,4077,743,Bloc,Lib,Con,52.27%,123.81%,12.58%,,6.96%,5.62%,,
43,QC,"Laurentides, Outaouis, Nord",24075,Terrebonne,30785,4593,2222,17637,4524,818,Bloc,Lib,Con,50.82%,203.60%,11.14%,,7.47%,3.67%,,
43,QC,"Laurentides, Outaouis, Nord",24013,Thérèse-De Blainville,24364,5171,2717,21673,4502,689,Bloc,Lib,Con,41.21%,165.70%,12.21%,,7.62%,4.60%,,
43,QC,"Laurentides, Outaouis, Nord",24005,Argenteuil--La Petite-Nation,18087,6001,2358,18759,3704,714,Lib,Bloc,Con,37.80%,157.08%,12.22%,,7.46%,4.75%,,
43,QC,"Laurentides, Outaouis, Nord",24027,Gatineau,11858,5664,2196,28827,6004,625,Lib,Bloc,NDP,52.25%,273.41%,14.86%,,10.88%,3.98%,,
43,QC,"Laurentides, Outaouis, Nord",24030,Hull--Aylmer,7931,4781,3603,28466,7134,1009,Lib,Bloc,NDP,53.79%,198.00%,20.29%,,13.48%,6.81%,,
43,QC,"Laurentides, Outaouis, Nord",24057,Pontiac,9851,10298,3631,29759,6364,1012,Lib,Con,Bloc,48.85%,175.27%,16.41%,,10.45%,5.96%,,
43,QC,Montérégie,24011,Beloeil--Chambly,34902,4252,3188,15904,9964,709,Bloc,Lib,NDP,50.64%,312.55%,19.08%,,14.46%,4.63%,,
43,QC,Montérégie,24034,La Prairie,25612,5491,2523,22342,4845,493,Bloc,Lib,Con,41.78%,192.03%,12.02%,,7.90%,4.12%,,
43,QC,Montérégie,24043,Longueuil--Saint-Hubert,22937,3727,6603,20271,4997,704,Bloc,Lib,Grn,38.72%,75.68%,19.58%,Stretch,8.44%,11.15%,,
43,QC,Montérégie,24049,Montarville,25249,4108,2886,20877,4803,706,Bloc,Lib,NDP,43.07%,166.42%,13.11%,,8.19%,4.92%,,
43,QC,Montérégie,24014,Pierre-Boucher--Les Patriotes--Verchères,31503,4866,2889,17165,4111,378,Bloc,Lib,Con,51.72%,142.30%,11.49%,,6.75%,4.74%,,
43,QC,Montérégie,24067,Saint-Jean,27677,6466,3056,18767,4711,677,Bloc,Lib,Con,45.11%,154.16%,12.66%,,7.68%,4.98%,,
43,QC,Montérégie,24071,Salaberry--Suroît,29904,6073,1970,18546,4966,1109,Bloc,Lib,Con,47.79%,252.08%,11.09%,,7.94%,3.15%,,
43,QC,Montérégie,24017,Brossard--Saint-Lambert,11052,6042,2826,30208,5286,567,Lib,Bloc,Con,53.96%,187.05%,14.49%,,9.44%,5.05%,,
43,QC,Montérégie,24021,Châteauguay--Lacolle,19463,5911,1908,20397,3960,1110,Lib,Bloc,Con,38.67%,207.55%,11.12%,,7.51%,3.62%,,
43,QC,Montérégie,24041,Longueuil--Charles-LeMoyne,18111,3663,2811,19367,5033,542,Lib,Bloc,NDP,39.10%,179.05%,15.84%,,10.16%,5.68%,,
43,QC,Montérégie,24074,Vaudreuil--Soulanges,16550,7712,3373,31971,7263,695,Lib,Bloc,Con,47.32%,215.33%,15.74%,,10.75%,4.99%,,
43,QC,Montréal Est,24033,La Pointe-de-l'Île,25832,3946,1825,16703,5929,664,Bloc,Lib,NDP,47.05%,324.88%,14.12%,,10.80%,3.32%,,
43,QC,Montréal Est,24028,Hochelaga,17460,2343,2523,17779,11169,888,Lib,Bloc,NDP,34.08%,442.69%,26.25%,Stretch,21.41%,4.84%,,
43,QC,Montréal Est,24029,Honoré-Mercier,9908,4781,1349,29336,4058,527,Lib,Bloc,Con,58.72%,300.82%,10.82%,,8.12%,2.70%,,
43,QC,Montréal Est,24039,Laurier--Sainte-Marie,11996,1470,3072,21551,12994,718,Lib,NDP,Bloc,41.60%,422.98%,31.01%,Stretch,25.08%,5.93%,,
43,QC,Montréal Est,24064,Rosemont--La Petite-Patrie,14158,1388,3485,14245,24951,789,NDP,Lib,Bloc,42.28%,715.95%,48.18%,Incumbent,42.28%,5.91%,,
43,QC,Montreal Nord et Laval,24003,Ahuntsic-Cartierville,11635,3974,3256,28560,6148,579,Lib,Bloc,NDP,52.74%,188.82%,17.37%,,11.35%,6.01%,,
43,QC,Montreal Nord et Laval,24004,Alfred-Pellan,15459,5891,1898,25810,4141,755,Lib,Bloc,Con,47.84%,218.18%,11.19%,,7.68%,3.52%,,
43,QC,Montreal Nord et Laval,24015,Bourassa,8987,2874,1295,22980,3143,623,Lib,Bloc,NDP,57.59%,242.70%,11.12%,,7.88%,3.25%,,
43,QC,Montreal Nord et Laval,24040,Laval--Les Îles,10820,8621,2223,24927,4667,861,Lib,Bloc,Con,47.83%,209.94%,13.22%,,8.95%,4.27%,,
43,QC,Montreal Nord et Laval,24065,Marc-Aurèle-Fortin,17989,5390,2060,24652,4618,642,Lib,Bloc,Con,44.54%,224.17%,12.06%,,8.34%,3.72%,,
43,QC,Montreal Nord et Laval,24055,Papineau,7722,2095,3673,24797,9135,1029,Lib,NDP,Bloc,51.18%,248.71%,26.43%,,18.85%,7.58%,,
43,QC,Montreal Nord et Laval,24069,Saint-Léonard--Saint-Michel,4324,5353,1148,27553,2896,3726,Lib,Con,Bloc,61.23%,252.26%,8.99%,,6.44%,2.55%,,
43,QC,Montreal Nord et Laval,24078,Vimy,15402,5962,2067,26181,4759,744,Lib,Bloc,Con,47.50%,230.24%,12.39%,,8.63%,3.75%,,
43,QC,Montréal Ouest,24024,Dorval--Lachine--LaSalle,8790,5476,2842,27477,6061,1139,Lib,Bloc,NDP,53.06%,213.27%,17.19%,,11.70%,5.49%,,
43,QC,Montréal Ouest,24036,Lac-Saint-Louis,3151,8948,4073,33845,7104,1199,Lib,Con,NDP,58.03%,174.42%,19.16%,,12.18%,6.98%,,
43,QC,Montréal Ouest,24037,LaSalle--Émard--Verdun,12537,3664,3452,22504,8423,1052,Lib,Bloc,NDP,43.59%,244.00%,23.00%,,16.31%,6.69%,,
43,QC,Montréal Ouest,24052,Mount Royal,1729,10723,2271,24137,3485,448,Lib,Con,NDP,56.40%,153.46%,13.45%,,8.14%,5.31%,,
43,QC,Montréal Ouest,24053,Notre-Dame-de-Grâce--Westmount,2309,5536,5125,27217,7456,712,Lib,NDP,Con,56.29%,145.48%,26.02%,Stretch,15.42%,10.60%,,
43,QC,Montréal Ouest,24054,Outremont,5562,2158,4743,18419,7808,511,Lib,NDP,Bloc,46.99%,164.62%,32.02%,Stretch,19.92%,12.10%,,
43,QC,Montréal Ouest,24056,Pierrefonds--Dollard,4450,9682,2790,30905,5537,1335,Lib,Con,NDP,56.50%,198.46%,15.22%,,10.12%,5.10%,,
43,QC,Montréal Ouest,24068,Saint-Laurent,2820,6914,2101,23272,3976,546,Lib,Con,NDP,58.72%,189.24%,15.33%,,10.03%,5.30%,,
43,QC,Montréal Ouest,24077,Ville-Marie--Le Sud-Ouest--Île-des-Soeurs,6869,4629,3570,27107,7912,967,Lib,NDP,Bloc,53.09%,221.62%,22.49%,,15.50%,6.99%,,
43,QC,Quebec,24008,Beauport--Limoilou,15067,12883,2084,12871,5524,1103,Bloc,Con,Lib,30.42%,265.07%,15.36%,,11.15%,4.21%,,
43,QC,Quebec,24019,Charlesbourg--Haute-Saint-Charles,15976,22282,1986,12450,4471,1379,Con,Bloc,Lib,38.06%,225.13%,11.03%,,7.64%,3.39%,,
43,QC,Quebec,24045,Louis-Saint-Laurent,14577,28735,2123,13509,4281,1542,Con,Bloc,Lib,44.37%,201.65%,9.89%,,6.61%,3.28%,,
43,QC,Quebec,24044,Louis-Hébert,17262,10830,2407,24910,4793,1272,Lib,Bloc,Con,40.52%,199.13%,11.71%,,7.80%,3.92%,,
43,QC,Quebec,24059,Québec,17832,8175,2949,18047,6210,1142,Lib,Bloc,Con,33.20%,210.58%,16.85%,,11.42%,5.43%,,
43,QC,Québec central,24009,Bécancour--Nicolet--Saurel,29543,8401,1657,9274,2692,486,Bloc,Lib,Con,56.76%,162.46%,8.35%,,5.17%,3.18%,,
43,QC,Québec central,24012,Berthier--Maskinongé,21007,5800,965,7809,19500,1067,Bloc,NDP,Lib,37.41%,2020.73%,36.45%,Winnable,34.73%,1.72%,,
43,QC,Québec central,24031,Joliette,33492,5154,2289,12718,2567,966,Bloc,Lib,Con,58.57%,112.15%,8.49%,,4.49%,4.00%,,
43,QC,Québec central,24050,Montcalm,31699,4923,2391,11113,3466,937,Bloc,Lib,Con,58.13%,144.96%,10.74%,,6.36%,4.38%,,
43,QC,Québec central,24060,Repentigny,34644,4851,2240,17976,4361,870,Bloc,Lib,Con,53.35%,194.69%,10.16%,,6.72%,3.45%,,
43,QC,Québec central,24076,Trois-Rivières,17178,15192,1462,15676,9984,716,Bloc,Lib,Con,28.53%,682.90%,19.01%,Stretch,16.58%,2.43%,,
43,QC,Québec central,24042,Lévis--Lotbinière,15873,28218,1861,10666,4299,2242,Con,Bloc,Lib,44.68%,231.00%,9.75%,,6.81%,2.95%,,
43,QC,Québec central,24058,Portneuf--Jacques-Cartier,15440,27524,2456,12642,3657,1925,Con,Bloc,Lib,43.25%,148.90%,9.60%,,5.75%,3.86%,,
43,QC,Québec central,24070,Saint-Maurice--Champlain,19856,9497,1763,22961,3016,936,Lib,Bloc,Con,39.57%,171.07%,8.24%,,5.20%,3.04%,,
43,QC,Quebec Est,24006,Avignon--La Mitis--Matane--Matapédia,18265,2686,668,11983,1393,379,Bloc,Lib,Con,51.63%,208.53%,5.83%,,3.94%,1.89%,,
43,QC,Quebec Est,24018,Rimouski-Neigette--Témiscouata--Les Basques,17221,4059,789,9987,12916,404,Bloc,NDP,Lib,37.95%,1637.01%,30.20%,Stretch,28.46%,1.74%,,
43,QC,Quebec Est,24010,Bellechasse--Les Etchemins--Lévis,14665,32192,1841,10356,3440,1568,Con,Bloc,Lib,50.25%,186.85%,8.24%,,5.37%,2.87%,,
43,QC,Quebec Est,24051,Montmagny--L'Islet--Kamouraska--Rivière-du-Loup,16121,20934,1001,8133,3397,414,Con,Bloc,Lib,41.87%,339.36%,8.80%,,6.79%,2.00%,,
43,QC,Quebec Est,24026,Gaspésie--Les Îles-de-la-Madeleine,15659,3022,1130,16296,1722,551,Lib,Bloc,Con,42.46%,152.39%,7.43%,,4.49%,2.94%,,
43,SK,North Saskatchewan,47001,Battlefords--Lloydminster,,27784,586,2225,3947,647,Con,NDP,Lib,78.96%,673.55%,12.88%,,11.22%,1.67%,,
43,SK,North Saskatchewan,47004,Carlton Trail--Eagle Creek,,34814,857,2015,5384,1147,Con,NDP,Lib,78.73%,628.24%,14.11%,,12.18%,1.94%,,
43,SK,North Saskatchewan,47003,Desnethé--Missinippi--Churchill River,,10816,500,6899,7504,205,Con,NDP,Lib,41.72%,1500.80%,30.87%,Stretch,28.95%,1.93%,,
43,SK,North Saskatchewan,47006,Prince Albert,,26671,807,3977,6815,931,Con,NDP,Lib,68.04%,844.49%,19.44%,,17.38%,2.06%,,
43,SK,North Saskatchewan,47012,Saskatoon West,,18406,988,2763,15270,762,Con,NDP,Lib,48.20%,1545.55%,42.57%,Winnable,39.99%,2.59%,,
43,SK,North Saskatchewan,47010,Saskatoon--Grasswood,,26013,1263,8206,12310,674,Con,NDP,Lib,53.67%,974.66%,28.01%,Stretch,25.40%,2.61%,,
43,SK,North Saskatchewan,47011,Saskatoon--University,,24248,1353,6026,13787,958,Con,NDP,Lib,52.29%,1018.99%,32.65%,Stretch,29.73%,2.92%,,
43,SK,South Saskachewan,47002,Cypress Hills--Grasslands,,30898,696,1575,3601,1278,Con,NDP,Lib,81.21%,517.39%,11.29%,,9.46%,1.83%,,
43,SK,South Saskachewan,47005,Moose Jaw--Lake Centre--Lanigan,,30801,1130,2383,7394,1565,Con,NDP,Lib,71.18%,654.34%,19.70%,,17.09%,2.61%,,
43,SK,South Saskachewan,47007,Regina--Lewvan,,26837,2035,6625,14454,821,Con,NDP,Lib,52.86%,710.27%,32.48%,Stretch,28.47%,4.01%,,
43,SK,South Saskachewan,47008,Regina--Qu'Appelle,,24233,1227,4315,7517,765,Con,NDP,Lib,63.68%,612.63%,22.98%,,19.75%,3.22%,,
43,SK,South Saskachewan,47009,Regina--Wascana,,22186,1290,14998,5722,571,Con,Lib,NDP,49.56%,443.57%,15.66%,,12.78%,2.88%,,
43,SK,South Saskachewan,47013,Souris--Moose Mountain,,33932,653,1658,3096,841,Con,NDP,Lib,84.45%,474.12%,9.33%,,7.71%,1.63%,,
43,SK,South Saskachewan,47014,Yorkton--Melville,,28972,1032,2366,4578,902,Con,NDP,Lib,76.54%,443.60%,14.82%,,12.10%,2.73%,,
